<?xml version="1.0" encoding="UTF-8"?><extract_base_params_room><details_statement><group_top_requisites><organ_registr_rights>Филиал федерального государственного бюджетного учреждения «Федеральная кадастровая палата Федеральной службы государственной регистрации, кадастра и картографии» по Москве</organ_registr_rights><date_formation>2023-01-14</date_formation><registration_number>КУВИ-001/2023-6865733</registration_number></group_top_requisites></details_statement><details_request><date_received_request>2023-01-14</date_received_request><date_receipt_request_reg_authority_rights>2023-01-14</date_receipt_request_reg_authority_rights></details_request><room_record><record_info><registration_date>2012-05-24T19:17:57+04:00</registration_date></record_info><object><common_data><cad_number>77:02:0008001:11212</cad_number><quarter_cad_number>77:02:0008001</quarter_cad_number><type><code>002001003000</code><value>room_record</value></type></common_data></object><cad_links><parent_cad_number><cad_number>77:02:0008001:1011</cad_number></parent_cad_number><parent_room_cad_number><cad_number>77:02:0008001:2178</cad_number></parent_room_cad_number><old_numbers><old_number><number_type><code>01</code><value>Инвентарный номер</value></number_type><number>кв.48 к.1</number><assignment_date>2007-03-13</assignment_date><assigner>ГУП МосгорБТИ</assigner></old_number><old_number><number_type><code>02</code><value>Условный номер</value></number_type><number>2-1625074</number></old_number></old_numbers></cad_links><params><area>14.5</area><name> Комната</name><purpose><code>206002000000</code><value>Жилое</value></purpose><type><code>205002000000</code><value>Комната</value></type><common_property>false</common_property><service>false</service></params><address_room><address><address><address_fias><level_settlement><okato>45280574000</okato><kladr>77000000000085400</kladr><postal_code>127566</postal_code><region><code>77</code><value>Москва</value></region><urban_district><name_urban_district>Отрадное</name_urban_district></urban_district></level_settlement><detailed_level><street><type_street>ул</type_street><name_street>Бестужевых</name_street></street><level1><type_level1>д</type_level1><name_level1>7</name_level1></level1><apartment><type_apartment>кв</type_apartment><name_apartment>48 к.1</name_apartment></apartment></detailed_level></address_fias><readable_address>Москва, Отрадное, ул. Бестужевых, д. 7, кв. 48 к.1</readable_address></address><location><okato>45280574000</okato><region><code>77</code><value>Москва</value></region></location></address></address_room><location_in_build><level><floor_type><code>01</code><value>Этаж</value></floor_type><floor>8</floor><plans><plan><file_link>/10.77.140.200/ArchivOTI/77_02/ГУП МосгорБТИ/1316/13161707/23245955_2029_бестужевых ул. д.7_8_0_0_EGRN.JPG</file_link><file_ref><file_storage_path><path>395c9a2e-d0b1-42fd-ba62-0c41aed2298d/42ba9c8f-eada-4e61-b614-76c7e07fd68a/EXT_FILE</path></file_storage_path></file_ref></plan></plans></level></location_in_build><cost><value>2164852.9</value></cost></room_record><right_records><right_record><record_info><registration_date>2012-12-07T00:00:00+04:00</registration_date></record_info><right_data><right_type><code>001001000000</code><value>Собственность</value></right_type><right_number>77-77-09/108/2012-864</right_number></right_data><right_holders><right_holder><individual><surname>ЧЕРНОЛУЦКАЯ</surname><name>ТАТЬЯНА</name><patronymic>ИВАНОВНА</patronymic></individual></right_holder></right_holders></right_record></right_records><recipient_statement>Чернолуцкий Роман Анатольевич</recipient_statement><status>Сведения об объекте недвижимости имеют статус "актуальные, ранее учтенные"</status></extract_base_params_room>